CustomerID,FirstName,LastName,Email,PhoneNumber,Address
1,Stephen,Johnson,kevinrobinson@wilson-foster.com,001-301-795-6575x0303,"225 Clark Springs, Sarahhaven, AK 81481"
2,Norma,Baxter,barrybrowning@hotmail.com,(421)784-5859x91132,"7488 Ryan Lights, New Troyville, TN 84889"
3,Ryan,Martin,deckermariah@khan-cooke.com,(621)265-4070,"1589 Audrey Lock Suite 267, North Nancy, WA 38883"
4,Eric,Fox,trujillokayla@allen-robertson.com,001-262-470-7464x728,"6107 John Light Apt. 291, East Ethanshire, TN 73741"
5,Brian,Miller,jacksonthomas@yahoo.com,685.674.6483x474,"877 Ramirez Unions, Lisaberg, WV 09333"
6,Heather,Webb,rodriguezmadison@yahoo.com,001-415-951-0559x736,"422 Pena Avenue Apt. 968, Ramirezmouth, NM 38048"
7,Nicole,Smith,phelpsbridget@hotmail.com,922.874.8798x36275,"46402 Powell Shoals, Port Courtneyshire, OH 92445"
8,Anna,Wilson,tyler91@yahoo.com,(185)531-0567x569,"PSC 9485, Box 8171, APO AP 03365"
9,Katelyn,Harris,kimberlyalexander@yahoo.com,295-586-8113x528,"78470 Cox Springs Suite 212, North Omar, LA 58309"
10,Justin,Hayes,haley12@gmail.com,299-485-8935x2653,"67630 Andrew Greens Suite 375, Alexanderfurt, MO 62814"
11,Matthew,Coleman,fjones@anderson.com,332.252.5317x24774,"446 Chelsey Manor Suite 855, Port Shannon, AK 92450"
12,Thomas,Roach,mwest@rios.com,+1-247-078-9552x163,"0085 Giles Fords, East Ronald, NH 71235"
13,Kenneth,Hawkins,acraig@gmail.com,001-325-106-3180,"PSC 1909, Box 6164, APO AP 15689"
14,Maurice,Flores,russelljames@brown-lopez.com,732-526-3544,"785 Miller Motorway, Briggston, UT 98414"
15,Craig,Richards,jonesjessica@gmail.com,+1-542-838-7434x40223,"1765 Moon Passage, East Brendan, FL 69496"
16,Jerry,Mccall,david00@gmail.com,388-674-3130x44528,"2585 Rojas Greens Suite 218, Lake Roy, NV 65148"
17,Thomas,Branch,timothyalvarez@gmail.com,531-875-4829x848,"28090 White Parks, Autumnside, VA 88599"
18,Catherine,Henderson,charlesfritz@hotmail.com,337.531.1033x737,"17677 Mendez Pine, Davidburgh, ND 74897"
19,Amber,Simmons,daviskenneth@lee.com,+1-434-072-0237x84922,"USNS Garza, FPO AP 37884"
20,Dylan,Hardin,hayley79@cochran.info,300-609-8079x46676,"653 Trujillo Land Apt. 873, Amytown, CA 27427"
21,Edward,Garza,bryantdennis@chang.com,7406265166,"7647 Tyler Ford, Nguyenport, ID 24238"
22,Juan,Miller,brianjenkins@gmail.com,228-422-8342x2127,"181 Ashley Street Suite 263, Lake Michael, NC 66950"
23,William,Gonzalez,rshelton@aguilar.info,586.310.9586,"7217 Michael Extension Suite 988, Lake John, VT 65643"
24,Charles,Gates,paulbean@wheeler-anderson.com,001-443-972-1992x079,"221 Pollard Ranch, East Elizabeth, UT 95952"
25,Shelley,Wilson,jeffreybowen@yahoo.com,(799)615-1303x9507,"15789 Nicole Keys Apt. 870, Lake William, OH 38672"
26,Paul,Boyd,brittany60@harris.biz,-7771,"161 Dominic Corners Apt. 261, North Kellyfort, NM 90485"
27,Becky,Barnes,tsharp@anderson-king.info,001-422-897-4547x1222,"22470 Jesse Plain Apt. 357, Jonesport, AK 25939"
28,Ray,Terrell,williamsmelissa@smith.org,592-205-2000x053,"625 Thompson Stream, Dianashire, NH 40990"
29,Andrew,Owens,kylemcintosh@young.com,+1-673-411-6553x09211,"47363 Jason Pines, South Erin, NE 58081"
30,William,Mcneil,littlesheri@harris.info,(938)470-5562x36628,"Unit 8190 Box 4593, DPO AP 57409"
31,Kim,Harris,qnguyen@marsh.com,539.080.1989,"04719 Mary Plaza Apt. 167, Crystalshire, PA 54210"
32,Valerie,Serrano,rileymark@gmail.com,+1-072-207-0780x205,"74622 Cowan Light, Cherylport, ND 32571"
33,Mark,Browning,lhampton@yahoo.com,(941)742-9205x900,"796 Anthony Ridges Apt. 448, Phillipsport, GA 91807"
34,Tammy,Martinez,rebeccacompton@lyons.com,+1-754-728-2201x058,"3316 Jennifer Turnpike Suite 219, West Robert, IN 04106"
35,Karen,Hernandez,alexisburch@hotmail.com,+1-233-401-8338x7690,"736 Michelle Fall Suite 869, North Martin, VT 93041"
36,Tammy,Myers,holly79@gmail.com,(556)624-6545,"262 White Ville, Erinberg, IN 98140"
37,William,Lopez,mary23@anderson-silva.com,119-768-9280,"00987 Christy Glens, West Eric, MT 19412"
38,Ronald,George,danielsmichael@yahoo.com,021.965.5184,"8691 Richard Roads, Amandaside, UT 44856"
39,Catherine,White,howellrussell@gmail.com,185-119-8477,"41572 Rebecca Mills, Jamesfort, MI 69804"
40,Penny,Colon,bsmith@gmail.com,972-671-9926,"2580 Ronnie Neck, North Marcfort, RI 92941"
41,Elizabeth,Boyle,ffriedman@hotmail.com,001-114-453-2782x374,"731 Kimberly Squares, Katrinashire, ND 09921"
42,Natalie,Fox,latoyadickerson@hunt.biz,001-665-068-6995x7422,"714 Williams Tunnel Suite 536, Port Kimberlytown, OR 50354"
43,Alexis,Dyer,lstephenson@yahoo.com,430.432.0211x281,"8890 Ryan Springs, East Josephchester, TN 76207"
44,Tina,Myers,psmith@phillips.net,(845)656-3356x20443,"68030 Miller Cliffs, Mcmahonland, WA 19134"
45,Bethany,Wilson,raymond92@hotmail.com,(947)064-3872,"20221 Morgan Bypass Suite 992, Lake Stevenfurt, WI 23834"
46,Megan,Sanders,cnguyen@gmail.com,001-665-497-8208x408,"9431 Murphy Ways, Clarkburgh, ID 17247"
47,Timothy,Perez,vargasrobert@yahoo.com,703.996.6307,"297 David Shores Apt. 659, Martinezfort, RI 15981"
48,John,Mccarthy,vnorman@yahoo.com,+1-636-993-7229x7965,"3992 Erin Square, Kathrynburgh, ND 85797"
49,Amanda,Richardson,lindseyrebecca@hotmail.com,(832)985-5398,"57196 Miller Forest, Sherylburgh, UT 50002"
50,Antonio,Landry,sethholmes@gmail.com,+1-307-651-6469x7896,"10154 Gonzalez Well, Lewisburgh, IA 27125"
51,Robert,Avila,sfarmer@hotmail.com,272.542.0598,"87937 Stephanie Villages Suite 292, Moodyburgh, NH 32190"
52,Rebecca,Peterson,wilsonbrooke@alvarez.com,3280994720,"84521 Doris Creek Suite 581, Tommyburgh, RI 73731"
53,Michael,Edwards,corey55@campbell.com,+1-568-697-7571x189,"3622 Claire Garden Suite 015, Jensenfort, ME 47525"
54,Joseph,Huang,jeffreymaddox@yahoo.com,460-543-4475,"1826 Cindy Rapid, New Robert, SC 15393"
55,Curtis,Simmons,katie76@hotmail.com,(503)502-3833x60987,"17745 Fernandez Plaza Apt. 445, Grantton, KS 75132"
56,Justin,Kelly,debbie03@barry-powell.com,691.228.6381,"782 Margaret Springs, South Ryan, NJ 25677"
57,Jessica,Patterson,guzmanjustin@jones.com,+1-345-260-7766x921,"784 Butler Forges, West Hannah, DE 24284"
58,Thomas,Olson,pharrison@hoffman.info,685-893-6309x0002,"USCGC Huff, FPO AA 20360"
59,Emma,Burke,zday@hotmail.com,4474762336,"66978 Williams Run Suite 095, South Jennaside, HI 87496"
60,Kevin,Gomez,jessica12@grimes.com,960-047-6280,"435 Stewart Terrace, West Angelaview, TX 80375"
61,Kelly,Edwards,ograham@rice.com,(653)575-6783x1322,"228 Valdez Summit Suite 833, South Ryanville, KY 34865"
62,Timothy,Taylor,medwards@foster.com,631-294-1876x523,"USNS Haas, FPO AA 12251"
63,Brian,Brown,zgraves@brady.com,782-463-4511,"72835 Lopez Camp, Port John, OH 60524"
64,Samantha,Kelly,daniel84@gmail.com,-7287,"56937 Kimberly Brook Suite 509, Hernandezfurt, MT 16067"
65,Lisa,Navarro,millerkristi@hotmail.com,430-043-6603x0547,"Unit 8203 Box 1953, DPO AA 12147"
66,Gregory,Alvarado,dawnturner@griffith.com,(175)571-5828,"0500 Leslie Junctions, Beverlyshire, CO 58432"
67,Robert,Craig,mcooper@yahoo.com,+1-164-919-9985x0296,"739 Brian Burg, Port Kylechester, LA 43840"
68,Maria,Mcintosh,hubbardchelsea@robinson.com,+1-658-280-4392x61853,"57567 Lisa Plains Suite 411, West Justinbury, NE 72248"
69,Mary,Brown,cortezdaniel@lawson.com,001-660-836-1311x5792,"6723 Evans Extension, Jessicaburgh, NY 44676"
70,Maria,Wilson,zsmith@yahoo.com,917.681.2174x7149,"16397 Brittany Way, Newmanview, AL 36419"
71,Jeffrey,Hester,alexanderberry@davies.com,(976)326-7605,"52276 Michael Pine, Lake Katherinestad, NE 63130"
72,Paul,Harris,zacharyferguson@hotmail.com,(795)083-2710,"089 Frank Walks Apt. 633, New Stephaniemouth, LA 74137"
73,Raymond,Cooper,framirez@thomas-cross.com,369-376-6846x87430,"253 Anna Estate Suite 122, Harrisburgh, GA 23837"
74,Duane,Burns,jackieharmon@hotmail.com,329-433-5656x32982,"222 Rivera Forks, East Robertmouth, VT 52076"
75,Christopher,Brown,cheryl93@gmail.com,8997385770,"PSC 5636, Box 5243, APO AE 92972"
76,Ashlee,Reed,kristinafletcher@glover-peters.com,001-271-668-6861,"8178 Carter Knolls, Michellemouth, NV 11076"
77,Melissa,Cruz,dcombs@gmail.com,631.489.1673x724,"018 David Path, West Brianburgh, HI 60400"
78,Charles,Woodard,stanleycynthia@hotmail.com,829.990.4163x900,"23843 Mitchell Hill, Grayside, CA 04019"
79,Joseph,Sanders,kelly00@yahoo.com,+1-061-068-3050x09070,"017 Elizabeth Park Suite 219, Tammyberg, NE 56892"
80,Joel,Martin,kristina93@hotmail.com,-6711,"9267 Reynolds Mall Suite 048, North Michael, IN 70320"
81,Stacy,Burton,gonzalessharon@gmail.com,432.420.6412,"7886 Tara Springs, North Megan, UT 66269"
82,Kathryn,Powell,clarkbradley@yahoo.com,4984659148,"USNV Gomez, FPO AE 88835"
83,Nicholas,Beck,urice@hotmail.com,001-263-182-6756x68454,"8098 David Knolls Suite 021, East Calebport, TN 23739"
84,Judy,Smith,ccordova@hotmail.com,(128)307-8418x68127,"Unit 7850 Box 2140, DPO AP 44654"
85,Latasha,Holmes,stephenperez@barnett-jones.info,210-111-8906x955,"4597 Anthony Gateway, Port Justinstad, NM 45725"
86,Danielle,Wilson,pgarcia@gross.org,001-268-548-9418x56538,"438 Rebecca Stravenue Suite 198, Matthewton, KS 46800"
87,Rachel,Johnson,bradshawmichael@adams.com,(050)866-9315,"200 Bentley Circle Suite 371, West Kristinchester, CA 81808"
88,James,Collins,muellerelizabeth@johnson.net,(950)381-7755,"2031 Jennifer Island Apt. 769, Port Joshua, AZ 94794"
89,Alexander,Woods,kimclark@brock.com,811.794.6855,"444 Lopez Manor Suite 874, South Kim, AL 96522"
90,Nicholas,Gamble,kwaters@yahoo.com,499.260.2346x08113,"Unit 9904 Box 0215, DPO AA 04602"
91,Joshua,Orr,pwilson@yahoo.com,(539)950-8362x9052,"880 Bryan Bridge, Danielborough, AL 14842"
92,Jasmine,Pittman,zacharyparker@hotmail.com,+1-878-414-9041x21592,"63364 Johnson Flat Suite 882, Haleport, IL 87633"
93,David,Nichols,smithmichael@coleman.com,562-567-2792x149,"6943 Leah Prairie Apt. 928, Bushtown, CT 01834"
94,Kathryn,Ibarra,timothytravis@yahoo.com,063-085-6105,"38299 Lewis Flat Apt. 779, East Kennethville, MS 21894"
95,Benjamin,Davis,okane@lopez.org,171-976-2559x8028,"05684 Stephanie Plaza Suite 880, Webbland, OH 98083"
96,Felicia,Walton,kathylee@burton.com,001-617-076-5213,"25006 Brian Prairie, West Patrick, MA 47726"
97,James,Shepherd,dawnanderson@yahoo.com,798-715-0909x3286,"4018 Alejandro Extensions, Jennifermouth, AL 10933"
98,James,Long,toddbarton@yahoo.com,7161277822,"6109 Gary Union Apt. 993, Carolinestad, MA 18791"
99,Ashley,Ray,ashleygordon@hotmail.com,528-628-5129x6325,"66852 Hancock Trafficway Apt. 979, East Katherine, FL 76022"
100,Jordan,Williams,cainchristopher@fowler-jones.com,(648)553-5430,"0167 Melissa Row Apt. 833, Torresland, HI 64791"
101,Daniel,Peterson,aaronwhite@clayton.com,077.263.3148x54484,"579 Vincent Crossing Suite 936, Mckeeberg, NH 75793"
102,Kathy,Ruiz,maryvincent@hotmail.com,-3526,"341 Williams Ridge, Glennborough, DE 43503"
103,Brian,Moran,joseph94@gmail.com,588-173-9323x20291,"5305 Richardson Cape, Alvaradoborough, MN 32661"
104,Kelly,Klein,mejiagina@rodriguez-medina.com,(711)639-4798x50012,"57629 Haley Fork Apt. 343, Port Jamieland, MD 64971"
105,Christina,Wells,josebonilla@yahoo.com,001-001-033-4734x66436,"97174 Joshua Lights Suite 969, South Sarastad, SD 67454"
106,Rebecca,Casey,sharonhamilton@hotmail.com,(716)608-0034x5159,"36228 Guzman Way, Port Seanbury, GA 46720"
107,Jesse,Tran,staceynelson@hoffman.com,672-158-0402x94585,"41111 Mary Stravenue, Schneidermouth, ID 26722"
108,Paige,Rogers,alexandergomez@yahoo.com,-9762,"632 Kline Plain Suite 940, Jessicatown, FL 79722"
109,Richard,Collins,abrown@yahoo.com,4951608531,"234 Davies Circles, West Lauren, TX 02501"
110,Eric,Taylor,yle@nichols.org,001-491-805-7403,"06215 Williams Locks, Larrymouth, SC 59548"
111,James,Jones,alansoto@hotmail.com,641-835-4666x0490,"285 Clark Way Suite 282, New Grantshire, OR 27401"
112,Joseph,Hill,kaylahenderson@gmail.com,+1-519-181-4279x1505,"0656 Christine Plaza, Lake Scott, AZ 83544"
113,Robert,Wolfe,james18@gmail.com,4413495893,"447 Susan Forges Suite 847, Lake Christopher, FL 19764"
114,Lindsay,Cruz,dudleyoscar@davenport-fitzgerald.net,044-633-1028x93944,"66978 Rebecca Haven, Snydermouth, PA 71804"
115,Robin,Kane,steve60@anderson-oneill.biz,591.319.3961x8089,"662 Nguyen Mountains, South Hunter, ND 13477"
116,Drew,Hudson,tara11@hotmail.com,001-844-326-4185x77967,"13735 Alexis Village Apt. 468, Port Kathyside, ND 94622"
117,Stephen,Davis,dhutchinson@branch.biz,(815)500-7203x55503,"277 Danielle Cliffs Suite 513, Dustinhaven, WI 40457"
118,Edwin,Anderson,maxwellryan@yahoo.com,+1-531-041-8967x6399,"017 Wade Viaduct, Lake John, IN 75203"
119,Holly,Perez,fosteramanda@gonzalez.com,479.516.5647,"4843 Todd Dale, Kellyshire, TN 17143"
120,Joanna,Eaton,cherylbruce@curtis.com,550.949.8635x335,"5024 Christopher Mission, East Austin, VA 15862"
121,Elizabeth,Jones,vandrews@yahoo.com,330.158.2195,"Unit 6354 Box 5631, DPO AA 86435"
122,Jessica,Sanders,davismargaret@chapman-macdonald.com,001-012-333-7543,"1353 Schultz Throughway, Ryanmouth, MD 04631"
123,Edward,Douglas,lindawaller@gmail.com,-9107,"2874 Susan Hill Apt. 565, Bakerside, RI 08888"
124,Emily,Terry,robinreynolds@cunningham.com,(228)135-7332x371,"USS Bailey, FPO AE 60659"
125,Donald,Rose,sanchezdavid@dunn.net,(173)073-5160,"Unit 6804 Box 1018, DPO AP 97875"
126,Daniel,Mills,ncook@gonzalez-holmes.com,-4629,"USCGC Franklin, FPO AE 40315"
127,Theresa,Holden,molly84@garrett-diaz.com,+1-201-576-3685x95633,"51946 Grant Extension Suite 583, North Nicole, MI 37151"
128,Mark,Hall,aray@hotmail.com,001-707-657-1519x5091,"77511 Lori Mill, Ericport, AZ 15890"
129,William,Gonzalez,chris05@lambert.org,001-146-600-7362x65358,"291 Hughes Freeway Suite 032, Webbchester, ME 13274"
130,Melissa,Lucas,anthonyanderson@yahoo.com,001-603-070-6089x6885,"1635 John Neck Apt. 217, Lindseybury, NJ 33343"
131,Trevor,Bentley,tracy76@hotmail.com,+1-891-352-3515x84678,"00800 Gary Manors Apt. 682, North Zachary, GA 91248"
132,Douglas,Banks,mark91@gmail.com,(601)432-3022x70283,"440 Maxwell Turnpike Suite 382, Lake Paulberg, KS 12683"
133,Jessica,Salazar,jonathan96@young-martin.com,312-458-7119,"PSC 0460, Box 0891, APO AE 98757"
134,Peter,Duran,millerbriana@lewis-lang.net,(848)425-1125x393,"15157 Kevin Village Suite 470, Meghanshire, KS 63981"
135,Anthony,Walsh,aguilardaniel@hotmail.com,265-451-5932,"71517 Paula Skyway Apt. 286, Kimchester, MD 73621"
136,Elizabeth,Alvarado,vblevins@yahoo.com,142-413-4257,"856 Clark Mills Suite 441, South Joseph, WV 05528"
137,Christopher,Lester,antonio84@gmail.com,989.346.6480,"705 Margaret Road Apt. 287, North Karenville, MA 45450"
138,Kimberly,Drake,jeffreyhardy@webb.com,(161)424-4646x488,"9378 Patrick Valleys, New Tinafort, DE 44201"
139,Eric,Henderson,hollandrichard@gmail.com,825-276-1134,"PSC 4726, Box 3772, APO AE 78489"
140,Kevin,Padilla,wellsmichelle@hotmail.com,946.660.0859,"Unit 3056 Box 9008, DPO AE 46866"
141,Joshua,Hall,honeal@clements-lynch.com,001-323-966-4999x14256,"64770 Jorge Stream, Debbieport, UT 55336"
142,Kristina,Jenkins,gabrielacoleman@hotmail.com,971.932.5728,"92643 Katie Hill, Terryland, AZ 05606"
143,David,Collier,gthompson@gmail.com,(320)776-8207x7298,"60585 William Causeway Suite 810, South Brenda, MS 52647"
144,Mathew,Sims,theresa16@gmail.com,758.397.0758x56211,"3613 Stewart Villages, Alejandromouth, WY 27682"
145,Jessica,Norman,hallgeorge@romero-martinez.org,001-338-450-2528x08450,"312 Amanda Mills Suite 192, Port Dana, NC 97084"
146,Sandra,Sullivan,simspenny@gmail.com,895-781-6217x9514,"95687 Hayes Bridge, West Sandraside, CT 18913"
147,Lori,Ferguson,haleywright@hotmail.com,001-309-422-7371x18412,"229 Victor Trail Suite 870, Michaelview, ND 75723"
148,Stephanie,Mendoza,crystal31@hotmail.com,482.742.7502x2393,"7652 Rhodes Mill, East Jessicaville, SC 87698"
149,Glen,Lester,amoore@jones-weeks.info,(756)899-6033,"282 Christie Cove, East Kathryn, OK 67178"
150,Kevin,Scott,vharris@hardy-morton.com,(707)201-8175x295,"7842 Kayla Rapid, East Charleschester, FL 50598"
151,James,Hutchinson,fletcherkimberly@carroll.com,001-814-928-5319x09483,"Unit 2704 Box 6141, DPO AE 14571"
152,Grace,Young,curtisbrandon@boyd.biz,837.068.8362x189,"96426 Cummings Underpass Apt. 220, Christopherbury, SD 92433"
153,Howard,Hayes,dcantu@hayden-madden.com,+1-719-266-4601x2998,"897 Jessica Tunnel Suite 558, Lake Rebecca, ME 21417"
154,Taylor,Stephens,bpaul@gibbs.com,(161)913-5977x853,"7996 Tony Unions, Williammouth, NC 91116"
155,Jacob,Miller,hesterjoshua@marshall.com,+1-867-791-3971x8247,"USNV Baker, FPO AP 24171"
156,Nicole,Garcia,yorkjeanne@yahoo.com,646-499-0525x4332,"228 James Mews, Merrittfurt, IA 36722"
157,Charles,Bridges,brett91@mitchell.com,001-005-444-1846x674,"065 Ingram Meadow Suite 096, Danieltown, IA 57823"
158,Aaron,Patrick,odonnellkatelyn@jones-smith.net,529.754.1644,"79164 Jennifer Stream, Ayalashire, UT 88079"
159,Becky,George,loriwilliamson@hotmail.com,7080033615,"271 Scott Tunnel, Rodriguezchester, WV 58991"
160,David,Ross,ihaley@house.biz,001-854-862-1438x0017,"38307 Barton Islands, Saraberg, MS 65933"
161,Taylor,Hunter,james91@greer-dominguez.info,257-986-3650,"3308 Miller Divide, West Maryfurt, GA 90393"
162,Angela,Fisher,michele61@yahoo.com,387.223.4810x3213,"66285 Flores Street, West Ryan, CO 34768"
163,Matthew,Frazier,arnoldrachel@cooke-wilson.com,693-779-8950x97350,"51396 Theresa Bridge Apt. 756, Jasonton, CO 44992"
164,Brandy,Nelson,eevans@gmail.com,001-287-029-9199x8950,"974 Marsh Tunnel, Port Kirk, WY 75121"
165,Bobby,Contreras,kevin90@chan.com,(408)949-2525x42532,"5007 Shirley Haven, South Amandastad, MT 55962"
166,Sarah,Casey,manuelsmith@kramer.com,(323)820-4731,"Unit 7705 Box 2130, DPO AP 03562"
167,Tony,Gonzalez,yfisher@andrews.com,1180319801,"USNS Johnson, FPO AP 33168"
168,Matthew,Rogers,othomas@lewis.com,(383)104-0196x34531,"66529 Hudson Harbor Suite 952, Deckerhaven, ME 55956"
169,Marissa,Miller,jmartin@gmail.com,001-985-509-8855x06077,"3099 Butler Valleys, Brittanystad, SD 13135"
170,Mary,Soto,theresa36@walker.com,-10485,"9880 Casey Freeway, North Timothy, DC 15225"
171,Roberto,Garrison,craigsalazar@yahoo.com,307.727.0980,"Unit 2598 Box 7796, DPO AE 23240"
172,Anthony,Phillips,phillipsalvin@hotmail.com,-1887,"01846 Kayla Extensions Apt. 739, Port Alan, GA 52650"
173,Patrick,Thompson,ryan95@gmail.com,2934065594,"3805 Kenneth Corner, Lake Jeffreymouth, GA 34278"
174,Joseph,Lawrence,charlottenelson@johnson-reed.info,(548)947-2086x214,"922 Jamie Spring, Port Kimberlyport, ID 66342"
175,Joseph,Blake,richard43@gmail.com,888-511-7018x006,"85098 William Drive Apt. 625, East Ashleyfurt, NV 10470"
176,Robin,Wells,barnettamanda@moore-ramirez.com,(952)049-2821,"44407 James Views, Williamchester, SC 88771"
177,Shannon,Holmes,melissa48@prince.info,365-009-4829,"51556 Flores Garden Apt. 913, Port Charles, AZ 28900"
178,Luis,Garrison,hross@yahoo.com,831.517.6050,"1987 Wilkinson Light Apt. 522, Vincentfort, WY 17752"
179,Robin,Lewis,sjames@yahoo.com,098.216.0353x2281,"642 Kristy Roads, Collierton, FL 95224"
180,Joshua,Stone,thomas10@hotmail.com,001-957-379-4951x6648,"69958 Murray Forge Apt. 846, Williamschester, KS 24765"
181,Yolanda,Barajas,smithbrenda@miles.com,046-729-5494,"262 Freeman Green, East Ryan, UT 15762"
182,Susan,Thomas,nnelson@hotmail.com,(431)373-0290x117,"20840 Smith Club Suite 251, East Timothy, VT 05656"
183,Molly,Dyer,ifuller@yahoo.com,-7971,"1939 Williams Village, Mirandaborough, MS 91829"
184,Sharon,Anderson,wanda59@wright.net,(800)090-9986,"859 Chang Fields, North Denisemouth, IN 99026"
185,Samantha,Hall,stoneheather@hotmail.com,+1-324-431-1964x1081,"4464 Amy Summit Suite 880, Hickmanview, PA 03327"
186,Tony,Ramirez,tamara77@kline.com,+1-971-609-9826x335,"Unit 4487 Box 0248, DPO AE 54206"
187,Christopher,Blackburn,nicole76@yahoo.com,(756)486-9819,"372 Becky Spurs, New Brookeburgh, NJ 01317"
188,Dawn,Walsh,hallthomas@johnson-robertson.net,188-685-3179,"23874 Riley Shoal, East Candace, OR 58199"
189,Pamela,Nguyen,cwilliams@gmail.com,244-163-3496x8471,"028 Joan Ridges Apt. 618, West Tammy, ID 81011"
190,Natalie,Morton,joneserica@yahoo.com,(045)099-1931x35193,"699 Rebecca Ford, Archerberg, IA 43181"
191,Donald,Vaughn,coreyyoung@robinson.biz,(738)548-5003x387,"971 Kylie Drives, East Elizabethchester, ME 21144"
192,Taylor,Anderson,kguzman@lester.com,+1-851-271-6042x192,"422 Hampton Ports Suite 463, Moyertown, FL 28326"
193,Steven,Bennett,drosario@baker.org,(081)307-8429,"53596 John Islands Suite 877, New Melanie, ND 85607"
194,Rebecca,Rodriguez,cjohnson@huynh.info,+1-693-915-8832x34214,"03542 Jeffrey Trail Suite 690, West Amandaport, ND 96264"
195,Alyssa,Mcgrath,okent@hotmail.com,376.960.0801x9357,"7871 Vanessa Shore Suite 004, West Juliaberg, FL 85695"
196,Peter,Hawkins,robertojackson@gmail.com,282.880.7633,"8072 Werner Lodge, New Katelyn, RI 32882"
197,Jeffrey,Wilson,alyssadorsey@gmail.com,+1-660-857-7440x891,"0851 Lewis View Apt. 640, Port Matthew, OH 46640"
198,Kendra,Elliott,dawsoneric@taylor-trujillo.com,771.051.8081x1059,"73681 Manning Center Apt. 613, Port Sherri, PA 44652"
199,Aaron,Taylor,sabrinabentley@hotmail.com,+1-733-867-3354x8273,"95035 Russell Lake Apt. 145, Charlesmouth, ME 94537"
200,Sharon,Gregory,steven78@hotmail.com,261.306.8634x61300,"PSC 9165, Box 2693, APO AP 71246"
201,Thomas,Reynolds,jorgejohnson@yahoo.com,(233)301-9550x0644,"30745 Simmons Forge Suite 192, Port Courtneymouth, WY 64830"
202,Michelle,Mendez,samantharodriguez@thompson.com,391-651-2270x13186,"47710 Amy Lodge Suite 139, West Gracestad, MN 87410"
203,Steven,Jones,robertnguyen@becker.com,(098)270-9197x904,"0151 Robertson Estates, Davidview, RI 92263"
204,Greg,Valentine,danielwong@lewis.biz,(088)378-9877,"Unit 5880 Box 5702, DPO AP 08583"
205,Krista,Jensen,michelle67@gmail.com,+1-105-789-1341x167,"21287 Mason Heights, Williammouth, WA 88141"
206,Scott,Patterson,emily39@delgado.biz,7670307804,"Unit 7919 Box 0820, DPO AA 09016"
207,Valerie,Dawson,jamiemartinez@yahoo.com,394-997-4760,"356 Joel Field Suite 053, New Ashleymouth, IN 39360"
208,Stephanie,Carroll,ybright@hotmail.com,(447)761-6532x432,"3488 Robert Cove Apt. 578, North Jefferybury, CA 64308"
209,Ryan,Rocha,galvanlauren@yahoo.com,(253)368-6930x3196,"726 Samuel Rest, West Mistyville, WI 86120"
210,Melissa,Martin,hmartinez@gmail.com,(970)798-9747,"Unit 5466 Box 9217, DPO AP 26961"
211,Allen,Smith,jocelyn53@yahoo.com,001-789-806-7885,"37873 Jennifer Unions Apt. 164, East Ashley, NY 24669"
212,Carol,Moore,julie69@smith.com,-2128,"5875 Courtney Fall, Lake Margaret, NC 49149"
213,Russell,Morrison,williamfleming@stewart.com,8851459060,"2476 Kathleen Light, West Annetteshire, MI 63957"
214,Brandon,Bowen,mramsey@hotmail.com,+1-998-381-7299x93204,"7880 Angela Island, Jonesland, HI 76196"
215,Kevin,Adams,jrichards@gmail.com,008-458-3153,"4135 Michelle Junction Suite 861, East Tina, DC 83084"
216,Roy,Thompson,ffranklin@yahoo.com,001-372-923-8859x8567,"387 Martin Cliffs, Torrestown, MD 57583"
217,Laura,Johnson,shermanmary@yahoo.com,770.871.9042x3179,"691 Brian Fork, South Brent, NM 32542"
218,Jesus,Davis,sharonmorales@wilkerson.com,+1-660-071-5408x50051,"597 Jennifer Fork Suite 712, Kelseychester, AK 21765"
219,Ronald,Glenn,steven72@coffey.biz,985-643-7550,"10979 Haney Canyon Apt. 133, Markberg, ND 37792"
220,Penny,Schultz,hernandezsteve@yahoo.com,001-767-975-7428x7098,"2332 Jonathan Points Suite 486, New Kent, WV 20117"
221,Tony,Rodriguez,michellecrawford@zavala-nicholson.com,512.262.8703,"5266 Diane Land Apt. 358, East Valeriefurt, KS 05463"
222,Andrew,Mason,barnettcody@keith.com,(585)544-4907x0864,"75516 Smith Bypass, Port Stephanie, CA 78225"
223,Shelby,Black,lreed@hotmail.com,428-702-1138,"95011 Terrell Grove Suite 991, Waltersfort, PA 18960"
224,Amy,Li,robertthomas@davis.com,001-843-239-1484x43381,"22646 Marshall Knoll, Rebeccamouth, NH 88585"
225,John,Thompson,kaylabrown@hotmail.com,(441)591-2221x823,"30662 Rachel Courts Suite 972, North Kaylaside, UT 62960"
226,Johnathan,Elliott,garciatimothy@gmail.com,1773263309,"898 Smith Road Apt. 798, Anthonyshire, CT 29433"
227,William,Scott,reginaldyoung@solis.com,897-227-6485,"2685 Warren Path Suite 805, Burnettbury, DE 24894"
228,Crystal,Black,kaitlyn21@gmail.com,(889)301-5734x649,"16237 Joe Greens Apt. 873, Zacharyfurt, SD 01097"
229,Brooke,Hill,ricky64@griffith-dalton.org,001-482-358-9593x0515,"919 Jordan Mission Suite 612, Port Timothyland, VT 99949"
230,James,Robertson,millerphyllis@scott.com,+1-663-534-6681x955,"85299 Abigail Isle, Amandachester, NM 45133"
231,Christopher,Avila,cartermisty@gmail.com,1972657212,"908 Navarro Squares, Patrickstad, WI 39180"
232,Joe,Warner,troberts@miller-larsen.net,(294)721-2767x34924,"75839 Danielle Ports Suite 697, West Deborahbury, UT 31117"
233,Garrett,Sharp,colonsamantha@yahoo.com,254.206.3717x8312,"816 Calhoun Crest, East Jerryfurt, OK 25080"
234,Vickie,Hart,dguerrero@olsen.info,931-732-7106,"044 Douglas Squares, Natashachester, VA 03931"
235,Kathleen,Shepard,jerometaylor@barton.com,6889356247,"808 Sarah Valley Apt. 597, New Jane, LA 98318"
236,Denise,Brown,willisedward@romero.com,(965)901-4544x7279,"662 Calvin Burgs, Harrisonstad, WA 52651"
237,Michael,Stevenson,maxwellmichael@li.com,917-794-8058x04822,"PSC 9472, Box 4027, APO AA 87542"
238,Richard,Watts,hernandezbeverly@snyder.biz,001-608-119-6032x46119,"645 Powell Unions, South Shannon, VT 45827"
239,Carolyn,Rodriguez,emartin@hotmail.com,075.609.7723x0531,"USS Howard, FPO AP 07818"
240,Wendy,Davis,caleblong@hotmail.com,673.709.7911,"PSC 8185, Box 5077, APO AA 76511"
241,Valerie,Carey,andreasanders@hotmail.com,001-784-078-2347x821,"6986 Cameron Curve, Lake Jenniferchester, ND 32631"
242,Austin,Jones,livingstonjames@dougherty.com,615.631.5690x8402,"41980 Daniel Cliffs, Mercedesberg, RI 45156"
243,Susan,Alexander,hernandezemily@robinson-miller.net,776.399.6990,"81184 Tony Islands, Ericshire, MD 83753"
244,Tyler,Pierce,nlee@hotmail.com,-9555,"843 Carol Locks, Melissaburgh, ND 16368"
245,Rebecca,Clark,john14@yahoo.com,(539)356-2469,"9803 Michael Stream Apt. 010, South Julialand, TN 12879"
246,Susan,Miller,dawnmason@yahoo.com,001-995-463-2831x799,"76371 Thomas Heights Apt. 248, North David, WV 21482"
247,Kevin,Garcia,debra37@adams.biz,(866)853-8878x7157,"91742 Andrea Course Apt. 065, East Johnny, IA 07268"
248,Alyssa,Hopkins,peverett@tucker.info,286-006-1878,"2115 Ana Route, Nielsenburgh, NY 95152"
249,Stephen,Davis,ashleystone@thompson.com,926-527-4183x78089,"880 Davis Ports, Markmouth, WY 79388"
250,Lori,Rios,qrusso@gmail.com,77737105,"56187 Edwards Garden Suite 248, Michaelshire, LA 62139"
251,Gary,Orozco,johnstonmadison@shelton.com,488829942,"38856 Julia View Apt. 176, Davenportview, CO 05381"
252,Jonathan,Cox,ellisjames@yang.com,099.623.0077,"2816 Katelyn Branch, Lake Sarahberg, AL 16852"
253,Anna,Ross,joshua93@day.com,001-755-974-3678x69638,"2465 Alvarez Key Apt. 002, South Donald, NY 53581"
254,Carol,Young,williamscolton@chen.info,(225)766-4801,"3217 Robin Street, Jasonfurt, MT 90639"
255,William,Schroeder,clarkecody@villegas.biz,808-812-3447,"34604 Andrade Wells Suite 913, West Angela, IA 99462"
256,Michael,Bradley,ortizbrandon@gmail.com,001-490-720-9756x729,"2724 Mccarty Garden Suite 462, West Stacey, CT 01388"
257,Tim,Ross,raymondbyrd@yahoo.com,337.770.2949x0881,"9762 Debbie Mountain Suite 593, New Josephbury, ME 37742"
258,Richard,Evans,usparks@smith.com,001-224-447-5848x74121,"64191 Hull Knoll, Powersside, AK 88006"
259,Andrea,Hall,heatherdrake@yahoo.com,408-589-3139,"49013 Black Hills Suite 621, Crystalhaven, WI 39959"
260,Ana,Jones,vboyd@green-smith.org,(877)258-3232x518,"5065 Jennifer Isle Apt. 659, Richardsonport, WV 20874"
261,Rachel,Espinoza,toddwalton@jenkins.com,8536176925,"9280 Martha Ferry, Wallsstad, DC 20683"
262,John,Scott,nancy33@yahoo.com,702-465-6189,"688 Steven Crossroad Apt. 927, Navarroland, UT 83524"
263,Kevin,Sanders,william77@fletcher-parker.info,803-139-2998x5205,"8510 Jeanette Underpass, Lake Joshua, KS 52269"
264,Anthony,Johnson,christopher71@gonzalez-mora.info,(891)175-9716,"292 Victoria Harbors, East Phillipmouth, NY 21807"
265,Shane,Ryan,brandon94@hotmail.com,1259994774,"863 Anthony Cliff Apt. 733, West Jonathan, UT 81082"
266,Amy,Ramirez,cynthiafigueroa@hall-hayden.com,001-101-874-1452x3813,"252 Kelsey Gateway, North Robertport, OR 63443"
267,Melissa,Brown,betty14@morris-cooper.com,084.558.9126,"2905 Maria Vista Suite 275, Seanville, NJ 45724"
268,Matthew,Payne,matthew19@yahoo.com,-4318,"Unit 1545 Box 0500, DPO AE 99122"
269,Patricia,Hayes,davislinda@yahoo.com,018.875.6634x940,"1690 Adriana Highway, Smithmouth, OR 37550"
270,Brian,Sutton,awilson@miller.com,808-068-9084x34972,"494 Smith Court, New Valerieburgh, NJ 40502"
271,Melissa,Martinez,stephaniemorse@gmail.com,+1-435-538-4113x76528,"38785 Jones Mount, Houstontown, NE 32202"
272,Brian,Butler,gilbertedgar@hotmail.com,532.179.3256,"743 Kevin Trail Suite 029, East Anthonymouth, VT 18179"
273,Richard,James,blopez@sanchez-mckenzie.com,(355)200-1240,"Unit 5007 Box 7623, DPO AP 25755"
274,Joanne,Rocha,samuelburch@kelley-watts.com,+1-576-955-9857x077,"58697 Cohen Stream Suite 766, Bellland, CO 50308"
275,Melissa,Davis,nathan50@henderson.org,4770330306,"90933 Thompson Keys, New Amanda, VT 68850"
276,Amy,Michael,chaneykristin@gmail.com,8021402573,"278 Pope Vista, Ricardomouth, KS 02419"
277,Thomas,Armstrong,abigailwashington@hotmail.com,(909)692-4233,"0394 Joy Centers Suite 686, New Laurie, ME 66609"
278,Alexandra,Holmes,nicholasbishop@hotmail.com,909.274.0562,"51704 Martinez Neck Suite 208, Jayborough, HI 70030"
279,Jerry,Parks,claylaura@yahoo.com,163.838.7640,"4155 Michael Crossroad Suite 601, Riveraville, AZ 27924"
280,Dorothy,Smith,hillralph@mcintyre-martinez.biz,(806)227-2787,"7724 Madden Roads Suite 329, Lake Melanie, NV 65660"
281,Sean,Richardson,brookestokes@miller.com,(928)618-9112x29601,"PSC 3769, Box 0132, APO AP 34060"
282,Ryan,Anderson,kara62@hotmail.com,376.068.6954x45213,"817 Michael Place Suite 574, South Michael, DE 04655"
283,Brooke,Johnson,matthew40@brown.com,257.051.0799,"195 Christine Spur, South Brittanymouth, OR 57069"
284,Alexandra,Salazar,john17@yahoo.com,(720)022-2460x90924,"Unit 8825 Box 8912, DPO AE 83806"
285,Daniel,Cortez,jacobtaylor@gmail.com,811.110.0920x813,"4333 Rocha Trace Apt. 857, Carsonborough, DC 21639"
286,Veronica,Weaver,amanda26@richards.com,(587)972-6965x2809,"316 Jason Vista, Hughesfort, HI 50661"
287,Katherine,Hamilton,michelle16@williams-buchanan.com,075.816.5365x426,"85433 Kimberly Key Suite 103, Danielton, PA 43946"
288,Kayla,Vasquez,susan45@galvan-may.com,001-124-923-3842,"USNV Hernandez, FPO AE 08851"
289,Taylor,Rodriguez,mgarcia@carroll.com,001-331-670-6214x05035,"USNV Gordon, FPO AA 33321"
290,Christine,House,frankderek@pearson-wells.info,986-209-9512x022,"11388 Santana Mill Suite 492, South Renee, WV 08305"
291,Roy,Young,schultzbrian@yahoo.com,+1-704-743-2317x8733,"572 Sabrina Drive, Paulstad, WV 64302"
292,Wesley,Vazquez,tina99@shelton-peterson.com,640.214.5158,"44075 Deborah Mountain, Palmerfort, UT 37739"
293,David,Hubbard,ryanmark@gonzalez.net,001-641-876-2834,"PSC 9294, Box 2386, APO AA 89094"
294,Marisa,Baker,anna03@smith.com,+1-740-905-3535x9743,"22255 Ryan Keys, Terryberg, NH 08704"
295,Barbara,Barnett,kaitlyn82@yahoo.com,221-144-9713x1104,"386 Jay Court Apt. 412, South Corey, SC 12715"
296,Pamela,Collier,heatherwilson@fox.biz,(556)908-9058,"25338 Dennis Green, East Don, SC 25406"
297,Terri,Roberts,erin09@hotmail.com,536.277.7593,"093 Rebecca Loaf Apt. 629, Michaelstad, FL 61628"
298,Holly,Hansen,tammie68@gmail.com,855.702.9491x178,"928 Deanna Estates Apt. 616, South Lucas, NM 19356"
299,George,Klein,alicelittle@yahoo.com,001-772-564-1537x833,"264 Sarah Glens, New Rebeccabury, CO 83860"
300,Richard,Rodriguez,donnahowe@yahoo.com,211-342-4051,"8430 Lopez Unions, Frankville, MN 98338"
301,Christina,Barker,careyjulie@yahoo.com,097-933-3850,"457 Andrew Oval, West Curtiston, MO 64724"
302,Jeremy,Berry,benjaminwood@yahoo.com,705-592-5596,"399 Tony Field Apt. 269, Toddview, HI 90718"
303,Alexa,Hudson,stonenicole@hotmail.com,(094)280-1594x907,"231 Jennifer Light Apt. 209, West Tammyshire, CA 98634"
304,Jeff,Lee,qwilliams@yahoo.com,(604)237-9629x9531,"7650 Humphrey Ridges, Avilaland, CA 02217"
305,Martha,Knight,jennifer59@cox.com,001-137-401-6843x93082,"168 Chan Flats, Simsland, NV 07019"
306,Adam,Velez,crystalhunter@shaw.info,(605)766-3650,"99870 Morgan Streets, Port Jennifer, MS 28884"
307,Jessica,Elliott,melissawells@luna-harrison.com,+1-173-096-3599x263,"42494 Patricia Plaza, Jonathanshire, OR 81584"
308,Alicia,Lee,turnersean@gmail.com,637-490-5361x107,"7868 Harmon Landing, Tanyaview, ME 11214"
309,Amy,Nelson,nmatthews@yahoo.com,394-722-0245x89105,"0541 Padilla Points Suite 926, North Misty, NM 02774"
310,Roger,Smith,hwilson@hotmail.com,+1-181-498-4909x55311,"26467 James Grove Suite 257, Lake Michael, TN 05605"
311,Brian,Wells,jonesrichard@hotmail.com,+1-454-257-8505x88628,"680 Angela Ridges Suite 372, Contrerasfort, MS 73558"
312,Christopher,Williams,sray@moss-carter.com,657-533-6178x74852,"63001 Medina Loop, Katrinahaven, NY 58604"
313,Austin,Rivera,tylerramirez@gmail.com,(259)566-1082,"Unit 9338 Box 7275, DPO AA 88605"
314,Nicole,Hughes,tiffany16@welch.org,001-914-563-2708,"799 Love Bridge Apt. 563, Douglasport, SC 77710"
315,Kevin,Conrad,mmorris@hotmail.com,+1-749-088-8258x00132,"269 Butler View Suite 622, Turnermouth, SD 17944"
316,Andrew,Hendrix,melissa91@yahoo.com,(022)396-5740,"3934 Kimberly Estate, Christopherville, AK 26984"
317,Patricia,Greene,caseymarcus@gmail.com,9935251946,"4863 Brown Canyon, Donnaville, FL 83875"
318,Bethany,Tapia,zacharypayne@gmail.com,(526)477-8878x47722,"331 Mark Union Apt. 969, East Andrewhaven, MS 72450"
319,Virginia,Allen,michelle90@yahoo.com,001-965-712-1007x932,"48776 Brandon Common, New Christopher, WV 58786"
320,Catherine,Barker,florescrystal@conley.com,(468)962-7682,"PSC 8522, Box 6483, APO AP 09906"
321,Paula,Hoffman,matthew91@carter.com,856.450.1383,"395 Long Stream Apt. 009, Janetchester, AZ 34218"
322,Thomas,Moore,zowens@gutierrez.com,6164916311,"218 Woodward Drives, Michaelberg, NJ 37456"
323,Jeffrey,Henry,samantha64@gmail.com,(609)940-1229x7347,"6429 King Overpass, Lake Wayne, PA 73249"
324,Olivia,Juarez,whitneypeterson@hotmail.com,001-940-282-9464x24354,"595 Raymond Ways, Port Cynthia, AR 19560"
325,David,Dillon,vrodriguez@roberts.com,001-841-348-4325x78768,"17452 Anderson Ways, North Roberthaven, ND 17152"
326,Brandon,Roberts,katelynmccormick@jones-taylor.com,705.330.1616x15403,"211 Ann Crest Suite 297, Peterstad, ID 84571"
327,Douglas,Barrett,reesewilliam@cook-lopez.com,375.863.1829x5694,"11611 Jones Club Suite 599, Fosterview, IA 86996"
328,Eric,Martinez,jennifer28@hotmail.com,+1-735-418-8780x0814,"46433 Steven Meadows Apt. 760, Walkerview, TN 02467"
329,Rachel,Gonzalez,lisareilly@cox.net,001-874-310-0950x5243,"USNV Harris, FPO AA 62083"
330,Nicholas,Williams,burtonwillie@hotmail.com,001-054-260-1170x390,"6057 Fox Rapids, Limouth, WV 06816"
331,Jose,Williams,yanderson@weber.info,258-568-4587x202,"409 Melissa Junctions Suite 269, Reevesstad, WA 65836"
332,Jared,Gregory,kristynorman@washington.biz,5327823496,"4987 James Burg Suite 767, Andersonborough, DC 93809"
333,Kevin,Miller,vbanks@hotmail.com,(092)430-8507,"7917 Kennedy Pines Suite 892, Lake Markmouth, HI 55466"
334,Audrey,Jones,pwall@hotmail.com,7931010783,"5651 Jones Stravenue, Jenniferville, NC 38252"
335,Troy,Lynch,andrea00@gmail.com,086.244.3772,"827 Herman Motorway Apt. 002, Lake Sara, WV 66049"
336,Kim,Gibson,romankimberly@rodriguez.com,594-326-2959x175,"226 Troy Loaf Apt. 537, South Kylechester, ND 95256"
337,Daniel,Baldwin,rodriguezmary@grant-ramirez.com,841.002.6899,"02875 Wheeler Haven, South Nicholas, OK 90553"
338,Melissa,Poole,justinbrooks@mcdonald.biz,-3317,"2625 Tonya Lodge, Gutierrezstad, IN 10780"
339,Amber,Holmes,mosleymary@torres.com,(071)022-7064x97333,"9241 Caleb Spur Suite 101, Rachelburgh, TN 89477"
340,David,Williams,smithchristopher@alvarez.org,001-434-731-2575x156,"67345 Ramirez Manor Apt. 456, Tammyside, MO 97715"
341,Tony,Pitts,danagordon@yahoo.com,811-118-3451x6049,"6369 Johnson Rapid Suite 702, Mooretown, AK 37330"
342,Katherine,Kerr,nathan63@yahoo.com,+1-254-518-8437x2315,"0548 Kirk Unions, Hayesborough, LA 39462"
343,Susan,Evans,joshua00@thornton.net,8153947459,"957 Powers Ford Apt. 797, North Alice, FL 37798"
344,Erin,Christensen,marcus46@yahoo.com,105-367-8030x781,"3540 Cynthia Isle, South Mariahberg, MN 49310"
345,Wendy,Hickman,troy44@yahoo.com,001-776-742-7855x088,"7253 Jeffrey Summit, Kaiserhaven, NE 82977"
346,Frank,Payne,meredith51@wheeler-myers.com,(413)368-1146x602,"PSC 1427, Box 7674, APO AP 65384"
347,John,Jenkins,hawkinsjason@williams.com,+1-274-944-0453x416,"12028 Gregory Mountain, New Christinetown, SC 10375"
348,Manuel,Lyons,ballardmark@johnson.com,4914876978,"Unit 3346 Box 8035, DPO AP 81318"
349,Rhonda,Porter,reginalee@gmail.com,267.945.6292,"6007 Brandon Key, Hallfort, PA 22194"
350,Erika,Foster,matthew47@yahoo.com,+1-640-782-7319x4291,"490 Stephanie Island Apt. 783, North Rebeccachester, IN 08411"
351,Danielle,Green,duane29@hurst.info,(193)098-9943,"004 Soto Wells Apt. 217, Sharonfurt, UT 51647"
352,Brian,Rush,llozano@holden.biz,(016)694-5465,"4190 Frank Station, Sarahshire, AR 78988"
353,Alexander,Hernandez,raymond60@gmail.com,8102521586,"82407 Daniel Square Suite 972, Davisborough, NY 23891"
354,John,Brown,james88@richardson.org,+1-960-505-2513x696,"1813 Heather Curve, South Masonfort, CT 78614"
355,Daniel,Smith,torresdebra@hotmail.com,001-979-811-0684x70743,"USS Tate, FPO AP 29426"
356,Karen,Fox,xadams@lowery-crawford.com,582.572.6390,"825 Garcia Valleys Apt. 644, Wardview, ME 84377"
357,Donald,Herrera,carsonjames@hotmail.com,001-104-412-9672x412,"128 Tyler Lodge, Donnaside, TN 49870"
358,Tina,Davis,derrick05@yahoo.com,871-792-3665x8842,"Unit 0581 Box 1687, DPO AE 13642"
359,Sharon,Henry,rebecca46@hotmail.com,+1-417-257-0067x084,"10469 Taylor Cliffs Suite 613, East Brenda, HI 65298"
360,Beverly,Young,mary05@hotmail.com,812-872-4383,"93767 Jeffery Islands, Ronaldstad, UT 01509"
361,Taylor,Mcbride,werickson@hendricks-guzman.net,+1-371-622-6010x3207,"4617 Robert Pass Suite 044, Port Albertstad, TN 50919"
362,Claudia,Landry,rcisneros@davis.net,586.727.2435x2091,"531 Martinez Rest, Thomasland, CA 83161"
363,Diane,Burch,dawsonmelissa@kent-price.info,481-850-9467,"24197 Gibbs Meadow Apt. 631, Amystad, MO 22638"
364,Amanda,Branch,andrew42@jimenez.com,001-322-046-1584x5799,"64623 Susan Drive, Samanthamouth, PA 16582"
365,William,Burns,farrelllori@hotmail.com,(387)726-1608,"74799 Ashley Ports Apt. 353, Scottfurt, WY 21653"
366,Sara,Moreno,antoniowolfe@yahoo.com,331-364-9379,"USS Berry, FPO AA 58614"
367,John,Park,leemichael@yahoo.com,+1-716-906-0137x182,"562 Weber Drive Apt. 737, Samuelbury, WV 14629"
368,Kimberly,Reyes,shubbard@blevins-reid.com,001-166-146-6562x3656,"7327 Reeves Common Apt. 779, Michaelville, CT 69399"
369,Carolyn,Leonard,jennifer96@hodge-williams.biz,9056795917,"758 Deborah Course, Garciahaven, AL 12339"
370,Jonathan,Richardson,sherrydavis@gmail.com,001-421-001-4157x45274,"366 Mcgee Groves Apt. 769, Ericfort, HI 62931"
371,Jasmine,Reid,thomasvalerie@gmail.com,598.361.7418,"1271 Rebecca Plaza, Lake Tiffany, AZ 10638"
372,Derrick,Brewer,vnelson@alvarado.com,+1-101-852-1116x993,"427 Cooper Route, North Bryan, NE 07399"
373,Jenna,Williams,bonnie04@hotmail.com,+1-970-066-3657x84285,"USNV West, FPO AE 85492"
374,Lindsey,Luna,iedwards@dudley.net,443-164-3280x5190,"05806 George Roads, Williamsfurt, ID 87393"
375,Cody,Hill,robinsonedward@yahoo.com,(629)242-0044,"4635 Stacey Fords, Rochafort, NY 57790"
376,John,Brady,rebecca12@yahoo.com,528.675.5622x1388,"7976 Richard View, New Erinbury, WV 33970"
377,Emily,Carter,michealscott@martinez.org,+1-405-157-1491x8079,"1070 Greg Summit Apt. 076, Hicksfort, WA 89288"
378,Carolyn,Smith,cmccullough@maldonado-williams.com,9506069771,"7041 Bender Prairie, Rebeccafort, TX 62622"
379,Michael,Phillips,angela44@adams.biz,681-705-8641x7224,"1031 Scott Forge, Patrickbury, NY 81198"
380,Carrie,Myers,kimjames@francis-hunt.net,001-604-697-3480x40279,"95571 Reid Road Suite 273, Port Clairemouth, PA 62771"
381,Jerome,Lawson,jessicamiller@cabrera.com,4342278439,"47336 Adam Skyway Suite 998, West Joshua, ND 90505"
382,Erica,Mejia,walterseric@king.net,853.379.0684,"USS Campbell, FPO AA 72697"
383,Robert,Hernandez,veronica60@hotmail.com,8844806321,"5878 Sara Well, Liuville, WI 49654"
384,Thomas,Glass,ortegajamie@thompson.biz,(519)724-0884x30464,"78378 Theodore Prairie Apt. 746, Hernandezmouth, UT 70070"
385,Kyle,Mcclure,odomsean@boyd-hernandez.com,371-531-4071,"6357 Charles Extension, Josemouth, OK 28214"
386,Jennifer,Smith,emoreno@price.org,001-558-318-7822x9167,"2107 Johnson Radial Suite 041, Lake Johnview, NE 90839"
387,Eric,Schneider,hahnstephanie@dennis.biz,001-793-425-4348x6934,"02822 Sara Forges, Port Leah, SC 91151"
388,Collin,Dunn,ucarter@gmail.com,001-111-745-4261,"18127 Jenna Mill Suite 104, North Melissa, OR 68404"
389,Justin,Hebert,garywilliams@jackson-wade.com,(467)418-4695x76823,"606 Griffin Fork Suite 943, Josephside, CT 59634"
390,Sharon,Sharp,karenwatkins@white.net,(777)577-3728,"USCGC Bender, FPO AP 99348"
391,Sarah,Oliver,samuelblevins@jones.com,001-101-510-7858x0148,"6343 Wanda Ville, Amandabury, MN 25139"
392,Shawn,Clarke,jacksonmark@yahoo.com,407.806.8958,"691 Angela Mountain Suite 705, Mitchellhaven, AZ 19220"
393,Melissa,Silva,kmoreno@vasquez.com,906.775.3968,"95967 Cook Avenue Suite 555, South Michaelstad, NC 72470"
394,Alexander,Wilson,susan13@white.info,351-798-2991x43195,"6953 Amanda Throughway Apt. 802, Jasonville, AL 75417"
395,Katherine,Foster,richardcook@yahoo.com,167-906-1940x85398,"703 Anne Drive Suite 991, Robertland, MD 41212"
396,Julie,Cherry,jerome23@stout-nguyen.org,(566)773-1736x68393,"18360 Nathan Village Apt. 528, South Jessicaport, DE 45033"
397,Alexander,Wilkerson,aryan@moore-barnett.biz,655.198.1122x1050,"04199 Mcdowell Prairie Apt. 520, Port Nicholas, AZ 89032"
398,Justin,Delgado,sydney56@yahoo.com,732.466.1281x14587,"89345 Juan Route Suite 999, Sophiaberg, HI 05395"
399,Linda,Perez,andrewsmikayla@hotmail.com,+1-470-298-4822x022,"42129 Bell Inlet Apt. 795, Ebonyburgh, ND 83787"
400,Anita,Morgan,lauren06@harris.biz,001-849-718-0831x175,"733 Bullock Land, Jenniferfort, VT 01152"
401,Joseph,Spencer,johnsonkatie@miller.com,(195)718-6143,"657 Orozco Harbors, West Robert, DE 76001"
402,Jason,Klein,amalone@yahoo.com,313-501-4014x4865,"2062 Holly Station Apt. 407, Brianmouth, NE 37672"
403,Kristi,Sims,peter25@mendez.com,001-508-454-8535x0484,"Unit 4216 Box 2277, DPO AA 92873"
404,Katherine,Hodges,brewernoah@wallace-perez.com,303.216.6652x73382,"3712 Ronald Knolls, Doughertyhaven, MS 56956"
405,Jill,Roberts,mblake@cortez.com,001-864-861-6002x22330,"010 Perry Creek Suite 915, Derekland, FL 91470"
406,Drew,Sanchez,mary61@roy-morris.info,(644)003-6727,"1909 Jason Ranch, New Mark, TN 25768"
407,Jessica,Wallace,arieljohnson@moss-taylor.net,(726)362-9205,"3755 Eric Field Suite 224, Michelefurt, DC 72478"
408,Timothy,Williams,davidyoung@foster-christian.biz,001-953-439-3523x62959,"9950 Sheila Neck, Hortonberg, MA 32469"
409,Robert,Kelly,ryan82@gmail.com,+1-039-931-7019x1083,"8318 Carter Well Apt. 113, New Nicolefort, WY 43168"
410,Brandon,Thompson,osmith@gmail.com,(383)701-8473x71804,"69845 Green Locks Apt. 210, Port Breanna, TN 12896"
411,Michael,Oliver,pamela94@levy-gray.com,896-322-4769,"718 Dyer Harbor Suite 534, Port Douglas, MO 15724"
412,Brett,Bradford,briana98@davis.org,724.934.5997,"662 Nicholas Land Suite 034, North Nicoleport, AR 37366"
413,Benjamin,Wood,whughes@hotmail.com,547-381-5512x701,"133 Holder Courts, West Martin, WV 94322"
414,Carl,Wheeler,danielleallison@hotmail.com,575-403-7754x38445,"90336 Meyers Plaza, Sanchezmouth, AL 82010"
415,Melissa,Flores,ggalvan@hotmail.com,906.613.5537x5868,"99998 Daugherty Mountains Suite 990, South Nicole, MA 86904"
416,Anthony,Porter,rschultz@lane.com,7336791447,"0765 Sarah Streets, East Sylviamouth, DC 97207"
417,Victor,Williams,mikeflowers@gmail.com,001-550-520-0341x5676,"80422 Everett Extension Suite 140, Perryton, UT 00696"
418,Christopher,Brewer,veronica16@maynard.com,001-932-508-3391x534,"95852 Joshua Summit Suite 460, Suarezfurt, AR 67391"
419,Thomas,Schwartz,fchen@yahoo.com,802.287.4318,"83762 Christina Heights, Nathanielborough, DE 63257"
420,Matthew,Patterson,teresaschwartz@willis-simpson.com,001-656-029-0190,"379 Alvarado Springs Suite 167, Pamelatown, WY 95649"
421,Destiny,Carpenter,melissamiddleton@yahoo.com,(792)422-8492x558,"052 Harmon Mountain Apt. 844, Port Connieville, MO 31371"
422,Jacqueline,Fowler,chelseajohnson@gmail.com,(433)835-5232x872,"528 Wilson Neck, Port David, TN 99678"
423,Thomas,Rodriguez,steven99@mckenzie.com,+1-821-877-9293x677,"45609 Christine Cape, Allenfurt, IN 23664"
424,Teresa,Robinson,johnsonjennifer@barnett-morrison.com,850-111-9145x2007,"84875 Tyler Point, Port Jacobview, VT 54332"
425,Anna,Levine,terri94@martinez.com,504-794-4494x25397,"125 Williams Manor Apt. 688, East Tony, ME 99425"
426,Alicia,Rodriguez,tayloranderson@gmail.com,(405)284-4866x0356,"27228 Morales Stream, Lake Deborahfort, OR 81176"
427,Mark,Palmer,okelly@burns-ford.biz,339-833-3684x2930,"93163 Ruiz Spurs Apt. 303, Samanthabury, VT 76036"
428,Kimberly,Rhodes,agarza@trujillo-kim.com,910.615.3653x77488,"2247 Kimberly Crossing Suite 717, Port Mary, FL 10570"
429,Steven,Jimenez,beardhector@edwards.org,869.324.4518x72263,"29162 Hill Forks Apt. 378, Katherineburgh, TN 28455"
430,Richard,Matthews,nphillips@martinez.org,182-396-9494x08637,"993 Cindy Coves Suite 484, New Marktown, MA 94110"
431,Diane,Clayton,kelsey58@hotmail.com,223.706.5124,"8586 Lynch Squares, West Elizabeth, NV 29884"
432,Barbara,Hall,mary80@hotmail.com,-6316,"USNV Cooper, FPO AE 67753"
433,Alison,Reed,paigerivera@hotmail.com,240-986-1708,"9865 Williams Passage, Port Anna, CO 76348"
434,Alison,Underwood,bmcdonald@hotmail.com,631-614-2868x819,"36700 Tiffany Cove Apt. 988, Bauerberg, NC 87973"
435,Angie,Brown,maxwellchloe@martin.com,1909586295,"65877 Jenkins Orchard Suite 299, Campbellstad, TN 50581"
436,Adam,Bradley,smithmarc@gmail.com,631.137.1797x8830,"390 Derrick Villages, Lake Jacobburgh, FL 16756"
437,Richard,White,mstevenson@gmail.com,+1-094-110-4200x67327,"044 Bell Viaduct Apt. 619, New Howard, AK 38546"
438,Sarah,Davis,icline@yahoo.com,001-375-767-4924,"2833 Wade Trace, North Frederick, MA 78664"
439,Gregg,Edwards,pserrano@green.com,+1-205-639-2141x23213,"930 Joseph Roads Suite 066, Mayerstad, KY 92832"
440,Valerie,Conway,daytimothy@perez-frederick.biz,5605116286,"8603 Larson Station Apt. 569, Lake Thomas, MD 30282"
441,Wendy,Wolf,ghayes@baker-peterson.info,490.729.6932x8489,"8908 Harris Mall, South Bryanshire, SD 20391"
442,Alec,Martinez,lanesteven@hotmail.com,364.538.2138x74511,"80455 Ryan Parkway, Darinview, NM 44456"
443,Gene,Russell,julieriley@jones.com,843.579.8790x183,"993 Sarah Village Apt. 787, Santanaport, DE 91768"
444,Amanda,Rodriguez,gaguilar@yahoo.com,882-923-3934x425,"083 Christopher Road Suite 260, Christopherton, NC 79247"
445,Joseph,Wood,gardnercourtney@curtis-richmond.info,+1-338-058-0849x229,"7161 Jose Islands Apt. 937, South Michaeltown, IN 35805"
446,Kevin,Carson,barnettjoanne@taylor.com,001-999-754-4530,"8727 Caitlyn Dale, Douglasville, KY 25850"
447,Lauren,Martinez,michael19@hurst.com,(786)947-5940,"6267 Davis Brooks Suite 323, Debraborough, AR 89163"
448,Catherine,Martin,faith18@thompson.net,256.794.3689,"39310 Christopher Ramp Suite 460, South Katherine, LA 71014"
449,Gabriel,Gilmore,taylorthompson@yahoo.com,001-439-289-5671,"81843 Emily Run Apt. 979, East Brianmouth, RI 49493"
450,Frederick,Bender,hornethomas@yahoo.com,(035)985-2292x122,"6214 Thomas Center, Carolbury, OR 23758"
451,Willie,Russell,flynnashley@robertson.com,001-706-810-3919x6932,"5904 Brad Keys, South Destiny, MS 15156"
452,Emily,Lewis,russellmeyer@brown-woods.com,+1-885-528-6199x6331,"196 Mark Turnpike, New Adam, MD 07144"
453,James,Burns,victor27@hotmail.com,9243138652,"672 Stephen Cape, Port Jamie, FL 99685"
454,Donna,Jones,zpayne@cox-evans.com,2642592424,"22124 Sabrina Squares, South Katherine, UT 13538"
455,Ronnie,Church,greendaniel@rhodes.com,(295)850-7048x534,"9603 Brian Mews Suite 081, Jennybury, AR 20220"
456,Mark,Poole,garrisonjoshua@gmail.com,030-639-4082x4369,"2727 Jeremy Road Suite 632, Baxterchester, KS 54318"
457,Edward,Miller,nwheeler@knight.com,(198)312-7957,"861 Lee Cove Suite 549, Charlesbury, DC 53981"
458,James,Harrell,brandonmorris@mitchell.info,001-946-467-7507,"0057 Whitehead Crossroad, New Johnside, NY 05572"
459,Tina,Delgado,hskinner@johnson.net,+1-721-895-0045x89977,"37951 Douglas Tunnel Suite 566, Benjaminhaven, MA 88329"
460,Susan,Soto,megan93@yahoo.com,(420)318-0737,"Unit 9243 Box 1592, DPO AP 28432"
461,John,Owens,kgoodwin@mckinney.com,(314)724-3645,"53907 Cisneros Rest Suite 175, East Theresachester, NH 62138"
462,Andrew,Davis,jeannebarnes@gmail.com,001-380-444-2425x834,"94550 Mcdaniel Isle, Edwardhaven, TX 94304"
463,Patrick,Little,darius78@yahoo.com,559-199-7287,"392 Christopher Loop Apt. 422, Annborough, AL 75011"
464,Suzanne,Morales,sbell@gmail.com,(727)887-4534,"6266 Erica Meadow, Herrerastad, MN 24001"
465,Johnathan,Romero,williszachary@hotmail.com,915.545.4696,"76333 Smith Stream, Morenoborough, FL 63137"
466,Edward,Mcdonald,guerrerojulie@hotmail.com,001-962-378-2709,"0452 Black Rue, Lake Jonathanport, IN 61604"
467,Laura,Powell,smithrobert@gordon.com,398.054.9736x6973,"393 Richard Locks, East Heathermouth, IL 46409"
468,Rebecca,Robinson,peterhamilton@jones.org,001-047-027-7638x1346,"2248 Rachel Creek, Port Danielside, PA 86563"
469,Carlos,Robinson,emily23@reyes-thompson.com,538.467.1021x7340,"PSC 9309, Box 2619, APO AP 44438"
470,Todd,Russell,robertalong@gmail.com,(085)879-9374x464,"617 Mary Viaduct, Brittneyborough, MA 91710"
471,William,White,tracyspears@gmail.com,204-610-5940,"87762 Summer Islands, Huntertown, MA 15282"
472,Jeremy,Rogers,derrickmendez@valentine.info,001-488-976-7192x0530,"756 Dennis Shore Suite 282, Angelamouth, NH 56319"
473,Molly,Williams,omarchurch@yahoo.com,001-532-678-8096x540,"023 Christopher Point, Nicolefurt, UT 35533"
474,William,Schneider,gregoryricky@miller.com,(884)932-6613,"22683 Rojas Springs, West Jeffreyfort, NE 85442"
475,Laura,Brown,orice@hotmail.com,001-229-856-5831,"431 Eric Station Suite 753, Alyssachester, NJ 69592"
476,Christine,Schmidt,rogermcneil@yahoo.com,(157)572-0075x172,"23385 Lori Green, Janiceburgh, NH 25929"
477,Kristen,Butler,jmcdonald@yahoo.com,9923775392,"1758 Gross Oval Suite 099, Brucemouth, CT 18248"
478,William,Hart,armstrongpam@reed.com,506.834.4584x41334,"PSC 6241, Box 7714, APO AE 44102"
479,Natasha,Byrd,brookskristina@hotmail.com,001-626-800-9402,"PSC 0033, Box 0122, APO AP 16748"
480,Sara,Benton,tmcmahon@weaver-bell.com,-6557,"7483 Crystal Crescent, Adrianton, MD 90852"
481,Dylan,Miller,fisherchelsea@simon.biz,001-793-856-7869x463,"81662 Lambert Creek, Mccormickberg, WY 97464"
482,Anthony,Wallace,yjackson@gmail.com,703.838.6337,"932 Bowman Field, Ashleybury, IL 67523"
483,Jennifer,Rowe,stacyhanna@hotmail.com,057-350-6630,"43605 Little Lights, Berrybury, MN 21021"
484,Angela,Ferguson,kevin35@wilson.com,243.526.8389x238,"119 Shawn Tunnel, Sharonchester, GA 41616"
485,Jennifer,Warren,imercado@hotmail.com,+1-115-775-8859x078,"39701 Michael Ferry, Stephensport, NJ 92134"
486,Robin,Nguyen,tmathews@mason.com,(729)618-3442x7628,"019 Lindsey Manor Suite 009, East Daniel, MO 58644"
487,Michelle,Middleton,ajones@hotmail.com,940844316,"369 Peter Island Suite 201, North Kent, NM 85361"
488,Douglas,Bryant,keithweber@yahoo.com,595-243-7076,"307 Jennifer Circle, South Andrew, WI 03656"
489,Curtis,Williams,pamela72@gmail.com,407-391-6476x63972,"214 Jefferson Lock Apt. 833, Brownmouth, WY 07736"
490,Bianca,Moon,jeremy73@yahoo.com,001-027-688-8158,"3766 Kara Row, Lake Kristen, GA 03465"
491,Julie,Lozano,hswanson@hotmail.com,001-744-907-5208x3186,"0153 Delgado Junction, Lake Kellyside, WY 27283"
492,Melissa,Andrews,jessicahenderson@hotmail.com,672-165-5662x52386,"6523 Cooper Wells, North Sophia, WA 23890"
493,Erika,Bishop,ashleysharon@clark.com,261-823-8741,"2519 Meyers Streets, Whitechester, AL 55521"
494,Rick,Harding,michaelelliott@hotmail.com,716.219.0721,"3007 Joseph Cliffs Suite 159, New Cody, NJ 76112"
495,Jeanne,Payne,qcervantes@gmail.com,(303)477-8843,"825 Mathis Burg, North Angelaside, GA 67300"
496,Eric,Harmon,hzamora@ramirez.net,001-953-261-5808x193,"5608 Baker Union Suite 923, Derrickchester, ID 46805"
497,Tammy,Michael,ymiller@gmail.com,969-640-2178,"6251 Oliver Coves, Guzmanport, MN 29746"
498,Sharon,Ramsey,james90@waters.com,+1-148-976-7436x2966,"68443 Robert Grove, North Julie, GA 17687"
499,Ryan,Pratt,ngarcia@hotmail.com,2900273514,"USCGC Bailey, FPO AA 64947"
500,Amy,Nelson,christopherdaniels@ochoa.org,828-690-2422x63826,"2276 James Knoll, Moontown, WI 26494"
